type,name,module,path,hash
"csv","agent-manifest","_config","_config/agent-manifest.csv","518743c605a0481dbd1f3c9075084ebc0903ef366e93ce454d078da00359e126"
"csv","task-manifest","_config","_config/task-manifest.csv","60e997d40c2add01927cc1da89c051139b62600a90ad0288455d50290034cac1"
"csv","workflow-manifest","_config","_config/workflow-manifest.csv","5ee2952d953023b3e78f51ad477e738f6832852bc29eb6e1f4c4ebbcaa7d4f7d"
"yaml","manifest","_config","_config/manifest.yaml","aa30cbd7659656cfebc4cbfa9a243464f62e5d7a122f7eb4818bf6eeccc93912"
"csv","brain-methods","core","core/workflows/brainstorming/brain-methods.csv","0ab5878b1dbc9e3fa98cb72abfc3920a586b9e2b42609211bb0516eefd542039"
"csv","methods","core","core/workflows/advanced-elicitation/methods.csv","e08b2e22fec700274982e37be608d6c3d1d4d0c04fa0bae05aa9dba2454e6141"
"csv","module-help","core","core/module-help.csv","4227d475748e8067aeae3e1a67d7b6235c109da13b2ef9131db930083dcb348d"
"md","excalidraw-helpers","core","core/resources/excalidraw/excalidraw-helpers.md","37f18fa0bd15f85a33e7526a2cbfe1d5a9404f8bcb8febc79b782361ef790de4"
"md","help","core","core/tasks/help.md","66cca226bb89bc57378d2099b910301df00972ce185ecc0d9ffc1369316d8df0"
"md","library-loader","core","core/resources/excalidraw/library-loader.md","7837112bd0acb5906870dff423a21564879d49c5322b004465666a42c52477ab"
"md","README","core","core/resources/excalidraw/README.md","72de8325d7289128f1c8afb3b0eea867ba90f4c029ca42e66a133cd9f92c285d"
"md","step-01-agent-loading","core","core/workflows/party-mode/steps/step-01-agent-loading.md","04ab6b6247564f7edcd5c503f5ca7d27ae688b09bbe2e24345550963a016e9f9"
"md","step-01-session-setup","core","core/workflows/brainstorming/steps/step-01-session-setup.md","bc09cc22a0465b316ff3c13903b753768fa31d83abd3f9fc328631db63dc0cf8"
"md","step-01b-continue","core","core/workflows/brainstorming/steps/step-01b-continue.md","d76a406e0ff0a0e58006ec671b56f19a059e98cfebba4c0724ae6ccdd9303e7f"
"md","step-02-discussion-orchestration","core","core/workflows/party-mode/steps/step-02-discussion-orchestration.md","a8a79890bd03237e20f1293045ecf06f9a62bc590f5c2d4f88e250cee40abb0b"
"md","step-02a-user-selected","core","core/workflows/brainstorming/steps/step-02a-user-selected.md","558b162466745b92687a5d6e218f243a98436dd177b2d5544846c5ff4497cc94"
"md","step-02b-ai-recommended","core","core/workflows/brainstorming/steps/step-02b-ai-recommended.md","99aa935279889f278dcb2a61ba191600a18e9db356dd8ce62f0048d3c37c9531"
"md","step-02c-random-selection","core","core/workflows/brainstorming/steps/step-02c-random-selection.md","f188c260c321c7f026051fefcd267a26ee18ce2a07f64bab7f453c0c3e483316"
"md","step-02d-progressive-flow","core","core/workflows/brainstorming/steps/step-02d-progressive-flow.md","a28c7a3edf34ceb0eea203bf7dc80f39ca04974f6d1ec243f0a088281b2e55de"
"md","step-03-graceful-exit","core","core/workflows/party-mode/steps/step-03-graceful-exit.md","f2ecd702902a5e7baeea66be43a58917591f8e37a862b4e7449b536309a4de67"
"md","step-03-technique-execution","core","core/workflows/brainstorming/steps/step-03-technique-execution.md","9e6abceec5f774c57cd5205e30a1f24a95441131dbffcae9c3dce72111f95ceb"
"md","step-04-idea-organization","core","core/workflows/brainstorming/steps/step-04-idea-organization.md","5224490c33bf4b23b2897f3bcf12abe0b1ced306541dd60c21df0ce9fc65d1ac"
"md","template","core","core/workflows/brainstorming/template.md","5c99d76963eb5fc21db96c5a68f39711dca7c6ed30e4f7d22aedee9e8bb964f9"
"md","validate-json-instructions","core","core/resources/excalidraw/validate-json-instructions.md","0970bac93d52b4ee591a11998a02d5682e914649a40725d623489c77f7a1e449"
"md","workflow","core","core/workflows/brainstorming/workflow.md","7d7f957ccd176faed2551e3089abfa49032963e980b5643d9384690af3d61203"
"md","workflow","core","core/workflows/party-mode/workflow.md","f8537e152df8db331d86e2a37e5ced55bccff3a71e290f82eb754d28c0c9ec08"
"xml","editorial-review-prose","core","core/tasks/editorial-review-prose.xml","ca56974053b5488f405d81a9ab9950d354005edf359f1c7a99db723d6bba6b79"
"xml","editorial-review-structure","core","core/tasks/editorial-review-structure.xml","ed013de6c1bf03bcd1d0a45931fda7056251b9f2e336ad48e1320f20801f667c"
"xml","index-docs","core","core/tasks/index-docs.xml","13ffd40ccaed0f05b35e4f22255f023e77a6926e8a2f01d071b0b91a4c942812"
"xml","review-adversarial-general","core","core/tasks/review-adversarial-general.xml","2293a91809f515633072e31488c60e1ce9a12b9112b6a0bbc116ae4507b4d495"
"xml","shard-doc","core","core/tasks/shard-doc.xml","dd4c834b62f9d7fbe4970d10a9c075fe9408195b0ee4c32bbdb699227d45a808"
"xml","workflow","core","core/tasks/workflow.xml","b6b034a0cd8d44546671d3c88d7bbae7f7c77e00199d6005d4d8e46c631b2219"
"xml","workflow","core","core/workflows/advanced-elicitation/workflow.xml","063e6aab417f9cc67ae391b1d89ba972fc890c123f8101b7180496d413a63d81"
"yaml","config","core","core/config.yaml","4f0143a7a5ba1a06a1f9b9242feaed0360534ace407c3f991dbf0213d3891515"
"csv","default-party","tea","tea/teams/default-party.csv","b41cb24a2367b6d856c14f955d59b3e924ebead6c7a5ffba0d5c4c1d02cae0fb"
"csv","module-help","tea","tea/module-help.csv","07ef2181eadbc00f2f703fed51e3a4aa955def9cad2609e830d9c960d73045b3"
"csv","tea-index","tea","tea/testarch/tea-index.csv","612e283e9605b0e8c3a8d5d0f9039a34a50274fae531322d504653e9a83f3af8"
"md","adr-quality-readiness-checklist","tea","tea/testarch/knowledge/adr-quality-readiness-checklist.md","d5f5c2917e8bcc82517640d5354f85fcdf9f5975b093c1ec768c3d17ee634292"
"md","api-request","tea","tea/testarch/knowledge/api-request.md","c12a7fe2dfec4919a259e5970a9621559f1e5769a711c4774e75df77805deb09"
"md","api-testing-patterns","tea","tea/testarch/knowledge/api-testing-patterns.md","26c8fdb9abcb91f96122091dcc9e9e6e4a1a08288f331102354a44c6aca3b05f"
"md","atdd-checklist-template","tea","tea/workflows/testarch/atdd/atdd-checklist-template.md","2bd0818aa0593f3302420dcfcbdf307203311bfb0d8ce127983d642813ba01c1"
"md","auth-session","tea","tea/testarch/knowledge/auth-session.md","2b3de2a9468caf85f0e47ba9d79b142f424b6c10e3a342c264f1cf73d2f70ddc"
"md","burn-in","tea","tea/testarch/knowledge/burn-in.md","5ba3d2abe6b961e5bc3948ab165e801195bff3ee6e66569c00c219b484aa4b5d"
"md","certificate-template","tea","tea/workflows/testarch/teach-me-testing/templates/certificate-template.md","66a453fdad4cbb9228653a1790683bd1d35a01a544d9f5ca15f26b6b1a658d86"
"md","checklist","tea","tea/workflows/testarch/atdd/checklist.md","d86b1718207a7225e57bc9ac281dc78f22806ac1bfdb9d770ac5dccf7ed8536b"
"md","checklist","tea","tea/workflows/testarch/automate/checklist.md","3a8f47b83ad8eff408f7126f7729d4b930738bf7d03b0caea91d1ef49aeb19ee"
"md","checklist","tea","tea/workflows/testarch/ci/checklist.md","3e4dbd8abfe142cbc5886e613d755aec99e7db676dc23645374e9d9047d33449"
"md","checklist","tea","tea/workflows/testarch/framework/checklist.md","f32b799afe9a73ca26a2ae7671f3656000cc6c45592c44e37a5dbb56142d65c8"
"md","checklist","tea","tea/workflows/testarch/nfr-assess/checklist.md","1f070e990c0778b2066f05c31f94c9ddcb97a695e7ae8322b4f487f75fe62d57"
"md","checklist","tea","tea/workflows/testarch/teach-me-testing/checklist.md","8ae9620ee1d25e3758be40e05e1ec0e5f8d06f47b9a8c77ae1e2eb965d9b3ff0"
"md","checklist","tea","tea/workflows/testarch/test-design/checklist.md","d2171f7b92305817febde72b524240c193a45c4048e5733bd083610dcf0ab637"
"md","checklist","tea","tea/workflows/testarch/test-review/checklist.md","e39f2fb9c2dbfd158e5b5c1602fd15d5dbd3b0f0616d171e0551c356c92416f9"
"md","checklist","tea","tea/workflows/testarch/trace/checklist.md","6ed7bfcaebe8f11c7d5260a3fd9a1ed912da1e7417924a21c8d170a61eb8e761"
"md","ci-burn-in","tea","tea/testarch/knowledge/ci-burn-in.md","4cdcf7b576dae8b5cb591a6fad69674f65044a0dc72ea57d561623dac93ec475"
"md","component-tdd","tea","tea/testarch/knowledge/component-tdd.md","88bd1f9ca1d5bcd1552828845fe80b86ff3acdf071bac574eda744caf7120ef8"
"md","contract-testing","tea","tea/testarch/knowledge/contract-testing.md","d8f662c286b2ea4772213541c43aebef006ab6b46e8737ebdc4a414621895599"
"md","data-factories","tea","tea/testarch/knowledge/data-factories.md","d7428fe7675da02b6f5c4c03213fc5e542063f61ab033efb47c1c5669b835d88"
"md","email-auth","tea","tea/testarch/knowledge/email-auth.md","43f4cc3138a905a91f4a69f358be6664a790b192811b4dfc238188e826f6b41b"
"md","error-handling","tea","tea/testarch/knowledge/error-handling.md","8a314eafb31e78020e2709d88aaf4445160cbefb3aba788b62d1701557eb81c1"
"md","feature-flags","tea","tea/testarch/knowledge/feature-flags.md","f6db7e8de2b63ce40a1ceb120a4055fbc2c29454ad8fca5db4e8c065d98f6f49"
"md","file-utils","tea","tea/testarch/knowledge/file-utils.md","7d1092930118fb160b9c0a4a48c398d9b08bb909d1e2432662d8e81e1e3b0087"
"md","fixture-architecture","tea","tea/testarch/knowledge/fixture-architecture.md","a3b6c1bcaf5e925068f3806a3d2179ac11dde7149e404bc4bb5602afb7392501"
"md","fixtures-composition","tea","tea/testarch/knowledge/fixtures-composition.md","8e57a897663a272fd603026aeec76941543c1e09d129e377846726fd405f3a5a"
"md","instructions","tea","tea/workflows/testarch/atdd/instructions.md","1e57000568517f420d779219bedcc5e49e79fb7ba960464f2d8ffd891afc3965"
"md","instructions","tea","tea/workflows/testarch/automate/instructions.md","b085c1db7153684deee4d132d1c757f7eae602e76ee767a126709436ee76f3f2"
"md","instructions","tea","tea/workflows/testarch/ci/instructions.md","67d58e27cf01b24ca4f69e3317d6ec26e6b064a6821bd24f3b6a08f5c0d06cc0"
"md","instructions","tea","tea/workflows/testarch/framework/instructions.md","56fc1a04447b394021714c8de9dd0599c0216dc07a97f04c05b660e4d30db5bf"
"md","instructions","tea","tea/workflows/testarch/nfr-assess/instructions.md","569193578b80dc7ca8b8e51c38d848f3cf54518cb90526f8309c05aba642c822"
"md","instructions","tea","tea/workflows/testarch/teach-me-testing/instructions.md","d7f22d031a0d4108d884014113ce32a3822b7224df5af7e76953162fc7c326da"
"md","instructions","tea","tea/workflows/testarch/test-design/instructions.md","64c64fc46b1efe2e89e944dae2b80b529545f0c717b80fb98ce1801fa64e34a3"
"md","instructions","tea","tea/workflows/testarch/test-review/instructions.md","8bfc2fd6f98487b57cf938dd1a1bdadda2afb418c4be881631389292c73cc661"
"md","instructions","tea","tea/workflows/testarch/trace/instructions.md","0962f8593a452d9c5901c9fe1e32f076d94025f3c1521ece376f67179ed23c38"
"md","intercept-network-call","tea","tea/testarch/knowledge/intercept-network-call.md","ac8213cc28a9f9c452a6fb419356dd1d66ce495d7f29d188fcb1bb51456ba869"
"md","log","tea","tea/testarch/knowledge/log.md","54b09992275e1ab361bf109b342a7d487cbb5bafa4e9cc48b320a1a5eb11857f"
"md","network-error-monitor","tea","tea/testarch/knowledge/network-error-monitor.md","c9041fd4af8162580a12c7adad79fdf7539fae7d6717fe7dace05e851c1b734c"
"md","network-first","tea","tea/testarch/knowledge/network-first.md","2920e58e145626f5505bcb75e263dbd0e6ac79a8c4c2ec138f5329e06a6ac014"
"md","network-recorder","tea","tea/testarch/knowledge/network-recorder.md","ebd7a63b5834d69c75a826d775d86d466e0a0e4393101452198fe39da44772a6"
"md","nfr-criteria","tea","tea/testarch/knowledge/nfr-criteria.md","e63cee4a0193e4858c8f70ff33a497a1b97d13a69da66f60ed5c9a9853025aa1"
"md","nfr-report-template","tea","tea/workflows/testarch/nfr-assess/nfr-report-template.md","fcd335868334cbbdd10ad929b2d17edccd071f60adb80b959d6b3edab55e9995"
"md","overview","tea","tea/testarch/knowledge/overview.md","ba667e89ab108833a47a237713cbcc3e4a4e36e3fb57f3de14f3f4634605b1de"
"md","playwright-config","tea","tea/testarch/knowledge/playwright-config.md","42516511104a7131775f4446196cf9e5dd3295ba3272d5a5030660b1dffaa69f"
"md","probability-impact","tea","tea/testarch/knowledge/probability-impact.md","446dba0caa1eb162734514f35366f8c38ed3666528b0b5e16c7f03fd3c537d0f"
"md","README","tea","tea/workflows/testarch/README.md","ce9f0d08b3c3de3d506b7bd2430941833f8618ba490ca613cafb4a32c69741dd"
"md","recurse","tea","tea/testarch/knowledge/recurse.md","7937897b8d8fd74ab647634fb549ba9344e86d39f9a705e8731a7531e51ad726"
"md","risk-governance","tea","tea/testarch/knowledge/risk-governance.md","2fa2bc3979c4f6d4e1dec09facb2d446f2a4fbc80107b11fc41cbef2b8d65d68"
"md","selective-testing","tea","tea/testarch/knowledge/selective-testing.md","c14c8e1bcc309dbb86a60f65bc921abf5a855c18a753e0c0654a108eb3eb1f1c"
"md","selector-resilience","tea","tea/testarch/knowledge/selector-resilience.md","a55c25a340f1cd10811802665754a3f4eab0c82868fea61fea9cc61aa47ac179"
"md","session-notes-template","tea","tea/workflows/testarch/teach-me-testing/templates/session-notes-template.md","bdcc8dac35ed5ce2c7a95ab0fd55b2dfa27e3173ed1f5d78e44f8755514e1c70"
"md","step-01-assess","tea","tea/workflows/testarch/atdd/steps-e/step-01-assess.md","a98e5d250cd980cbe6bdc33682763512622eee8db3610d42f85e621df6eecf2d"
"md","step-01-assess","tea","tea/workflows/testarch/automate/steps-e/step-01-assess.md","a98e5d250cd980cbe6bdc33682763512622eee8db3610d42f85e621df6eecf2d"
"md","step-01-assess","tea","tea/workflows/testarch/ci/steps-e/step-01-assess.md","a98e5d250cd980cbe6bdc33682763512622eee8db3610d42f85e621df6eecf2d"
"md","step-01-assess","tea","tea/workflows/testarch/framework/steps-e/step-01-assess.md","a98e5d250cd980cbe6bdc33682763512622eee8db3610d42f85e621df6eecf2d"
"md","step-01-assess","tea","tea/workflows/testarch/nfr-assess/steps-e/step-01-assess.md","a98e5d250cd980cbe6bdc33682763512622eee8db3610d42f85e621df6eecf2d"
"md","step-01-assess","tea","tea/workflows/testarch/test-design/steps-e/step-01-assess.md","a98e5d250cd980cbe6bdc33682763512622eee8db3610d42f85e621df6eecf2d"
"md","step-01-assess","tea","tea/workflows/testarch/test-review/steps-e/step-01-assess.md","a98e5d250cd980cbe6bdc33682763512622eee8db3610d42f85e621df6eecf2d"
"md","step-01-assess","tea","tea/workflows/testarch/trace/steps-e/step-01-assess.md","a98e5d250cd980cbe6bdc33682763512622eee8db3610d42f85e621df6eecf2d"
"md","step-01-detect-mode","tea","tea/workflows/testarch/test-design/steps-c/step-01-detect-mode.md","cdecf026ed2d5215603932fbbc5a7304520a94d1ff1e3528abbc8ab3cd3f78e6"
"md","step-01-init","tea","tea/workflows/testarch/teach-me-testing/steps-c/step-01-init.md","9a4ac8b773ebf75653d648d668a58c21d7e8ebae979e1dfd1a04e1bafb2eeaa9"
"md","step-01-load-context","tea","tea/workflows/testarch/nfr-assess/steps-c/step-01-load-context.md","ad018a42b9271a87ad84fc6b1ce51bf0aa64f5c075cb24ab7bce414cb46e8554"
"md","step-01-load-context","tea","tea/workflows/testarch/test-review/steps-c/step-01-load-context.md","f949ad669d0bb7077f576784c193f789c9b9a3f0ac56f32ce02efe530c5be054"
"md","step-01-load-context","tea","tea/workflows/testarch/trace/steps-c/step-01-load-context.md","ff5fcf453f1d580454d76790f3c68e835776dd37758e88dd347ab4e9bec3a958"
"md","step-01-preflight","tea","tea/workflows/testarch/ci/steps-c/step-01-preflight.md","124a91a704d31f3b5db8ca227f0e6f6bbe5e6c9e4d758af9efa70287d4074f5b"
"md","step-01-preflight","tea","tea/workflows/testarch/framework/steps-c/step-01-preflight.md","fabe1f61262c1fe54fa4c2f61b06348408ceb10e760d096d55cfbee8399455df"
"md","step-01-preflight-and-context","tea","tea/workflows/testarch/atdd/steps-c/step-01-preflight-and-context.md","5abb525237a9e5fbf65a7c78e86c5e9a284079707c0f00852ec8c32d25bcbd33"
"md","step-01-preflight-and-context","tea","tea/workflows/testarch/automate/steps-c/step-01-preflight-and-context.md","cf7660ec2ecb98e69fedcb7151745ccd24057a28094b1ba083d2d95ca73f0dc4"
"md","step-01-validate","tea","tea/workflows/testarch/atdd/steps-v/step-01-validate.md","68fac847556a8710a7dcbe0cbf658513f3b2cb9497e124cd3039dc0bc8b8d211"
"md","step-01-validate","tea","tea/workflows/testarch/automate/steps-v/step-01-validate.md","08156c005fd050b68fa379fa69a2306428a966a54819152aed67e4fb7702730c"
"md","step-01-validate","tea","tea/workflows/testarch/ci/steps-v/step-01-validate.md","ee47db60bb0d41736ed840ce063f148402311c215c1b059f3eacee4e140d6174"
"md","step-01-validate","tea","tea/workflows/testarch/framework/steps-v/step-01-validate.md","b98877307ce10ab587e33f1be58489a0613344b218fee706d08283828bfd2787"
"md","step-01-validate","tea","tea/workflows/testarch/nfr-assess/steps-v/step-01-validate.md","796d279e68e27c2b2f9bc02bb86418e0f568a6a422a34cfb051955ec8906e915"
"md","step-01-validate","tea","tea/workflows/testarch/test-design/steps-v/step-01-validate.md","8b086be071225383968abf113da9c94f10d02b3d7d570db9821eaac519db3880"
"md","step-01-validate","tea","tea/workflows/testarch/test-review/steps-v/step-01-validate.md","8b80353ae35676b89290cd9cec3ac1b17ef1f0d35a026a2f5ab58a06ee593582"
"md","step-01-validate","tea","tea/workflows/testarch/trace/steps-v/step-01-validate.md","7fe08ad95b0d440bdb9a4b0ab65b08aaaf023b8d13e254d7277862ab64928656"
"md","step-01b-continue","tea","tea/workflows/testarch/teach-me-testing/steps-c/step-01b-continue.md","6640cc4b88a8c52655491546fedd4e41396e81ec1f635ce8679f96a350921537"
"md","step-02-apply-edit","tea","tea/workflows/testarch/atdd/steps-e/step-02-apply-edit.md","053a6c2c2a7605a0fb942e2f72c0a52e46eab993cf100883a3f40d2eb271b612"
"md","step-02-apply-edit","tea","tea/workflows/testarch/automate/steps-e/step-02-apply-edit.md","053a6c2c2a7605a0fb942e2f72c0a52e46eab993cf100883a3f40d2eb271b612"
"md","step-02-apply-edit","tea","tea/workflows/testarch/ci/steps-e/step-02-apply-edit.md","053a6c2c2a7605a0fb942e2f72c0a52e46eab993cf100883a3f40d2eb271b612"
"md","step-02-apply-edit","tea","tea/workflows/testarch/framework/steps-e/step-02-apply-edit.md","053a6c2c2a7605a0fb942e2f72c0a52e46eab993cf100883a3f40d2eb271b612"
"md","step-02-apply-edit","tea","tea/workflows/testarch/nfr-assess/steps-e/step-02-apply-edit.md","053a6c2c2a7605a0fb942e2f72c0a52e46eab993cf100883a3f40d2eb271b612"
"md","step-02-apply-edit","tea","tea/workflows/testarch/test-design/steps-e/step-02-apply-edit.md","053a6c2c2a7605a0fb942e2f72c0a52e46eab993cf100883a3f40d2eb271b612"
"md","step-02-apply-edit","tea","tea/workflows/testarch/test-review/steps-e/step-02-apply-edit.md","053a6c2c2a7605a0fb942e2f72c0a52e46eab993cf100883a3f40d2eb271b612"
"md","step-02-apply-edit","tea","tea/workflows/testarch/trace/steps-e/step-02-apply-edit.md","053a6c2c2a7605a0fb942e2f72c0a52e46eab993cf100883a3f40d2eb271b612"
"md","step-02-assess","tea","tea/workflows/testarch/teach-me-testing/steps-c/step-02-assess.md","21a2f9f2ef55cc191ccf840cc25df325b21b339244d8ab7dd5649dd3d3b33878"
"md","step-02-define-thresholds","tea","tea/workflows/testarch/nfr-assess/steps-c/step-02-define-thresholds.md","369d260bfa07f59ec1cebba76dbe4226be4ed1cb56b94d35559149ad88d54fa2"
"md","step-02-discover-tests","tea","tea/workflows/testarch/test-review/steps-c/step-02-discover-tests.md","dd48f7a62df927594864f6f0b187e04cf4d5acac46080c37e9838c5ed343d2f7"
"md","step-02-discover-tests","tea","tea/workflows/testarch/trace/steps-c/step-02-discover-tests.md","a5586f3f68a540bb45a65c473c1bbeb8426708aa7fdbe2612e65d48a412defa9"
"md","step-02-generate-pipeline","tea","tea/workflows/testarch/ci/steps-c/step-02-generate-pipeline.md","7f846b0c986f53275ed4c2450aa45f4910d524ef67550dc7a7e5171988db8bbc"
"md","step-02-generation-mode","tea","tea/workflows/testarch/atdd/steps-c/step-02-generation-mode.md","260a39c13bf49ccd1f3276406b21411a7d596902fa575a8d5dbf96fe3e901677"
"md","step-02-identify-targets","tea","tea/workflows/testarch/automate/steps-c/step-02-identify-targets.md","61a0f1d9732424bc88aadac0010cd8baec908d856d1498248423fc105ca94eed"
"md","step-02-load-context","tea","tea/workflows/testarch/test-design/steps-c/step-02-load-context.md","f058bedbef4e644421558018e51e34c4551b32d864aaf1d070379e33a998539d"
"md","step-02-select-framework","tea","tea/workflows/testarch/framework/steps-c/step-02-select-framework.md","cd3d066b14341638a9c1760ba616594bc8e8f26b502d4c8aa0d95186b4f09e17"
"md","step-03-configure-quality-gates","tea","tea/workflows/testarch/ci/steps-c/step-03-configure-quality-gates.md","4bebf3c3e376e572617a8b353778b6e621789f1975bbb0f0bdcaa9c71fc4ebd6"
"md","step-03-gather-evidence","tea","tea/workflows/testarch/nfr-assess/steps-c/step-03-gather-evidence.md","63d46cd802c76132e27d71eaf8d93b9e32c1c0d34114f9b86e10c90235c76c13"
"md","step-03-generate-tests","tea","tea/workflows/testarch/automate/steps-c/step-03-generate-tests.md","c12669585c72ab1733798071df8f4fa4901b6cf40c85006e1d87fff167056a37"
"md","step-03-map-criteria","tea","tea/workflows/testarch/trace/steps-c/step-03-map-criteria.md","1f2f63e43fe2b588663c01745b88c5e4f0c68a1ac7213e257b648107e5aa942a"
"md","step-03-quality-evaluation","tea","tea/workflows/testarch/test-review/steps-c/step-03-quality-evaluation.md","8d2d2aaa84ca5b1c654d1d3aba324ae384b6ce3bc1183a15ecf8c0ef043fd7c7"
"md","step-03-risk-and-testability","tea","tea/workflows/testarch/test-design/steps-c/step-03-risk-and-testability.md","3c0b4ac9546aa8ae8946bea9c0b6c0ddae0f95b32adc3599936d25f0bde229c6"
"md","step-03-scaffold-framework","tea","tea/workflows/testarch/framework/steps-c/step-03-scaffold-framework.md","ddedbea1bd178916c243b0811989ec6f92fcd4024810042952a8a933171434e1"
"md","step-03-session-menu","tea","tea/workflows/testarch/teach-me-testing/steps-c/step-03-session-menu.md","1d75818a9d8bc7a8ad49786b294c4ea4a8dde21f2faa2516eea3c7da1f49efa3"
"md","step-03-test-strategy","tea","tea/workflows/testarch/atdd/steps-c/step-03-test-strategy.md","e78b13a4f825a6c25aa7d1fc067cfd6516579b593ddd929ddaf5c3663e6a98b2"
"md","step-03a-subprocess-api","tea","tea/workflows/testarch/automate/steps-c/step-03a-subprocess-api.md","c37a6f60a29aaef7f5c189f9736d07e43f299bca12b797ea3b17a09902e5b35e"
"md","step-03a-subprocess-determinism","tea","tea/workflows/testarch/test-review/steps-c/step-03a-subprocess-determinism.md","4c3f21fa0acfffc3a18dfae5a04784ed18811becf02606b9c6b4e17d3232b087"
"md","step-03b-subprocess-e2e","tea","tea/workflows/testarch/automate/steps-c/step-03b-subprocess-e2e.md","d2719446b15761642de5d4cc76760eebc9b030521026efb3dcb754ffa3bce1e8"
"md","step-03b-subprocess-isolation","tea","tea/workflows/testarch/test-review/steps-c/step-03b-subprocess-isolation.md","524ca871fc82fbb133f2601508a8cac8a88efd674e94615f306e6e6e4d6e88ad"
"md","step-03c-aggregate","tea","tea/workflows/testarch/automate/steps-c/step-03c-aggregate.md","2b8e3d904641e9fb595eef5cb3b936e9d8fe2645ad47a2c2bbd72c84c07f67d9"
"md","step-03c-subprocess-maintainability","tea","tea/workflows/testarch/test-review/steps-c/step-03c-subprocess-maintainability.md","7d830af71d7fbfa12f5a6fbc194171070d0560f388d68d34e105ea509d92af39"
"md","step-03d-subprocess-coverage","tea","tea/workflows/testarch/test-review/steps-c/step-03d-subprocess-coverage.md","298a5add4276e057b0a6be874215d90c9402f8be3b5349cb93169c719c0cb45d"
"md","step-03e-subprocess-performance","tea","tea/workflows/testarch/test-review/steps-c/step-03e-subprocess-performance.md","6c707a81569a19ba7ffaa6b41cd3c3b962c9b20f5261418bd047cac4e46d46a1"
"md","step-03f-aggregate-scores","tea","tea/workflows/testarch/test-review/steps-c/step-03f-aggregate-scores.md","6eccbda023ee49eb28c6c1d076540053d85de2a24fe4321904db7e157786fa44"
"md","step-04-analyze-gaps","tea","tea/workflows/testarch/trace/steps-c/step-04-analyze-gaps.md","f1e84a5ec00a619bde384fed995566714566c1b921dba574e4a106aa1bdd556b"
"md","step-04-coverage-plan","tea","tea/workflows/testarch/test-design/steps-c/step-04-coverage-plan.md","c6ae0eaa1a6da71723d1565ded13aca70b47013415e41fd07f6b74eefc868f07"
"md","step-04-docs-and-scripts","tea","tea/workflows/testarch/framework/steps-c/step-04-docs-and-scripts.md","5d196aeca7356d0bf1289b9c577bed4062eb3f9cfeb349b9c74ad83ac62c7a2f"
"md","step-04-evaluate-and-score","tea","tea/workflows/testarch/nfr-assess/steps-c/step-04-evaluate-and-score.md","4bf182e4e6fc200879ecbc97c7f8d0421604d21598f49a6564e7b58d18dd2896"
"md","step-04-generate-report","tea","tea/workflows/testarch/test-review/steps-c/step-04-generate-report.md","b2d2b07567ffd5543df469296745e47264f199d639e48c0354c0a34c6d95bdf1"
"md","step-04-generate-tests","tea","tea/workflows/testarch/atdd/steps-c/step-04-generate-tests.md","726620e102ccb857054105376e2d46b2bcf7ed313c4425bce6de3ab72f0717d1"
"md","step-04-session-01","tea","tea/workflows/testarch/teach-me-testing/steps-c/step-04-session-01.md","0d11f5147bcf10c7c58ada8f1baed6cd83feaeb03300da9033ac27983a116240"
"md","step-04-session-02","tea","tea/workflows/testarch/teach-me-testing/steps-c/step-04-session-02.md","a4081fca2bbb9b3fc06f83006b2ec6394fcdea018be2cdff6589ac4cc2c8a6f9"
"md","step-04-session-03","tea","tea/workflows/testarch/teach-me-testing/steps-c/step-04-session-03.md","729a7193128f6bad23b7da0f0893c7f78f08057d6fed30ddf339700b22b5e78e"
"md","step-04-session-04","tea","tea/workflows/testarch/teach-me-testing/steps-c/step-04-session-04.md","4fb21909bdb382b3964723d9aa02442c588f74006fddc14a28d7dc133bc6f2dc"
"md","step-04-session-05","tea","tea/workflows/testarch/teach-me-testing/steps-c/step-04-session-05.md","abad9591931c5d39e4f9c0a5d1c0688c8b8b0891e5e20bebebbcea45db802dc2"
"md","step-04-session-06","tea","tea/workflows/testarch/teach-me-testing/steps-c/step-04-session-06.md","03ef83440e4fb0f0d11dfc884d1f88016fef213edf7db9e72ba6d469283cb8af"
"md","step-04-session-07","tea","tea/workflows/testarch/teach-me-testing/steps-c/step-04-session-07.md","b5c3e5e1b1e65d0058f1e5022a129532d1d56f40e789f5660f36a1e43d0b78d3"
"md","step-04-validate-and-summarize","tea","tea/workflows/testarch/automate/steps-c/step-04-validate-and-summarize.md","059555c2f5a57aac57cc76b0a30a8dabe959eb12143008df58208027420bc58e"
"md","step-04-validate-and-summary","tea","tea/workflows/testarch/ci/steps-c/step-04-validate-and-summary.md","2a34c259a4bab99ab3160de869a8d59ff5d1e5f367c4135a7a8abeffacd92031"
"md","step-04a-subprocess-api-failing","tea","tea/workflows/testarch/atdd/steps-c/step-04a-subprocess-api-failing.md","c5592888622a56e3cb54d8d0b789a769569ad951a99f479b7bc937e6f2c28c93"
"md","step-04a-subprocess-security","tea","tea/workflows/testarch/nfr-assess/steps-c/step-04a-subprocess-security.md","f0b6ee13028facd24fb748a7f5bf6c8ff790018f57f950e63adee96c31f430a8"
"md","step-04b-subprocess-e2e-failing","tea","tea/workflows/testarch/atdd/steps-c/step-04b-subprocess-e2e-failing.md","b687b34b769229481ec04251f8561f7510dbd851622bdb261fb739803427b12b"
"md","step-04b-subprocess-performance","tea","tea/workflows/testarch/nfr-assess/steps-c/step-04b-subprocess-performance.md","191325fe28623b6ee52d22ecd62ee7f861da3ce9a6243be5f95b915fef7ae75b"
"md","step-04c-aggregate","tea","tea/workflows/testarch/atdd/steps-c/step-04c-aggregate.md","62fe8aa90416ae538b976e24ca48e5fff1e7a8139c4f68edb7f5a7b96182255e"
"md","step-04c-subprocess-reliability","tea","tea/workflows/testarch/nfr-assess/steps-c/step-04c-subprocess-reliability.md","f3aab9dbd369697405dfd3c6b57d0f374f0161d18c8b7ab69a9cfd7746011f2d"
"md","step-04d-subprocess-scalability","tea","tea/workflows/testarch/nfr-assess/steps-c/step-04d-subprocess-scalability.md","3d85f34e82a4ee0c6a5019700a8d73a733cef16886ff27cdc6c4a8bdb145a017"
"md","step-04e-aggregate-nfr","tea","tea/workflows/testarch/nfr-assess/steps-c/step-04e-aggregate-nfr.md","777db41a1227076fb11840894c8af899a21bbdbc7a7e9864914e7eea775bdf95"
"md","step-05-completion","tea","tea/workflows/testarch/teach-me-testing/steps-c/step-05-completion.md","1f1932ca15eae13b8f3131dddf114351bbd3ee56734966307949cc747341c69b"
"md","step-05-gate-decision","tea","tea/workflows/testarch/trace/steps-c/step-05-gate-decision.md","a03b563e8cab1cefbc7a4e8d2ba15997ec874c4f7c734b78d73bbce04297c4ee"
"md","step-05-generate-output","tea","tea/workflows/testarch/test-design/steps-c/step-05-generate-output.md","02635cd201ccb2135fae853a246c12dad6ae2e4eaa61d16e3bccbdb9ab22a5b3"
"md","step-05-generate-report","tea","tea/workflows/testarch/nfr-assess/steps-c/step-05-generate-report.md","9980e2287f4d444472a491f56f1cb18c2481af514d64cb31c8121990e8580cec"
"md","step-05-validate-and-complete","tea","tea/workflows/testarch/atdd/steps-c/step-05-validate-and-complete.md","3fda138cac14bca62a248beb044f579ea9d46f54e208f7faf1e7c12ee72b4fa2"
"md","step-05-validate-and-summary","tea","tea/workflows/testarch/framework/steps-c/step-05-validate-and-summary.md","bbefcb7180d4e853af6c63d91cd55888dbbfe39236241240cd2f14fd6b53461b"
"md","step-e-01-assess-workflow","tea","tea/workflows/testarch/teach-me-testing/steps-e/step-e-01-assess-workflow.md","b7b3cc8d845b79e9ef81d8c835f63bcbedc930396c0cab49a946dff1b6819e7a"
"md","step-e-02-apply-edits","tea","tea/workflows/testarch/teach-me-testing/steps-e/step-e-02-apply-edits.md","081679a34b6c02804d77156866ba9d41e1dd2952a902314b4937863ce874f27d"
"md","step-v-01-validate","tea","tea/workflows/testarch/teach-me-testing/steps-v/step-v-01-validate.md","b33a9eaac964dbe08d10ff15744f40b8118edc69844c856d4f80b9ba2da77865"
"md","test-design-architecture-template","tea","tea/workflows/testarch/test-design/test-design-architecture-template.md","6f6da05875f8ee2b65feac68704b2c1701aa2fbfb369e1b63098f1f1a749174a"
"md","test-design-qa-template","tea","tea/workflows/testarch/test-design/test-design-qa-template.md","772e472e87dcc5975e22ddba7a123da8f5ffa6e3863be9cdb8980af66ccf8ae7"
"md","test-design-template","tea","tea/workflows/testarch/test-design/test-design-template.md","d27a74352b09f67596337d1f9e447371f8e40d2d19c6df6b05d4110017760cd1"
"md","test-healing-patterns","tea","tea/testarch/knowledge/test-healing-patterns.md","b44f7db1ebb1c20ca4ef02d12cae95f692876aee02689605d4b15fe728d28fdf"
"md","test-levels-framework","tea","tea/testarch/knowledge/test-levels-framework.md","80bbac7959a47a2e7e7de82613296f906954d571d2d64ece13381c1a0b480237"
"md","test-priorities-matrix","tea","tea/testarch/knowledge/test-priorities-matrix.md","321c3b708cc19892884be0166afa2a7197028e5474acaf7bc65c17ac861964a5"
"md","test-quality","tea","tea/testarch/knowledge/test-quality.md","97b6db474df0ec7a98a15fd2ae49671bb8e0ddf22963f3c4c47917bb75c05b90"
"md","test-review-template","tea","tea/workflows/testarch/test-review/test-review-template.md","b476bd8ca67b730ffcc9f11aeb63f5a14996e19712af492ffe0d3a3d1a4645d2"
"md","timing-debugging","tea","tea/testarch/knowledge/timing-debugging.md","c4c87539bbd3fd961369bb1d7066135d18c6aad7ecd70256ab5ec3b26a8777d9"
"md","trace-template","tea","tea/workflows/testarch/trace/trace-template.md","148b715e7b257f86bc9d70b8e51b575e31d193420bdf135b32dd7bd3132762f3"
"md","validation-report-20260127-095021","tea","tea/workflows/testarch/atdd/validation-report-20260127-095021.md","cc5791172e30e79256633699ce166c1194aa9c7ecfdd4ca0eeb9b8b60eeee718"
"md","validation-report-20260127-095021","tea","tea/workflows/testarch/automate/validation-report-20260127-095021.md","a4ed16b892e13c2cb2319389b5ca222808ff2e25ed26e3c92f90c64b3a55933b"
"md","validation-report-20260127-095021","tea","tea/workflows/testarch/ci/validation-report-20260127-095021.md","3451d35e293ec9de1eb8c94e8d4ac7992f2258b032a2dcdc325c50ef2c70a190"
"md","validation-report-20260127-095021","tea","tea/workflows/testarch/framework/validation-report-20260127-095021.md","a48f4c83508201f857216ceec8d20d46d1ca7e69e2689528c3ba9f5844cb56be"
"md","validation-report-20260127-095021","tea","tea/workflows/testarch/nfr-assess/validation-report-20260127-095021.md","42b6fdceb1aad4385fadcc99bf6a326c54b9e0fd23a3120de2c071ebee479ecc"
"md","validation-report-20260127-095021","tea","tea/workflows/testarch/test-design/validation-report-20260127-095021.md","56461e256a8921cad80a7c505ef180286b236aeaba9bef25d8f637115dbdad3c"
"md","validation-report-20260127-095021","tea","tea/workflows/testarch/test-review/validation-report-20260127-095021.md","b9676cc40360957bc541688ce83e28162bde80b8824926a1f6b8a26121077e7a"
"md","validation-report-20260127-095021","tea","tea/workflows/testarch/trace/validation-report-20260127-095021.md","09744b32f1c99808271ea358260dc1675ebda062467bc13b80e1f84fbc93bff9"
"md","validation-report-20260127-102401","tea","tea/workflows/testarch/atdd/validation-report-20260127-102401.md","8c62f371ecd1577233445e019f371b6daa6bf4024dbf72a8aa1258f6cd5938b6"
"md","validation-report-20260127-102401","tea","tea/workflows/testarch/automate/validation-report-20260127-102401.md","4dacd786efbe88bce0b85740b9b31483bdb8edbd5932b0ef32f02217ea94b321"
"md","validation-report-20260127-102401","tea","tea/workflows/testarch/ci/validation-report-20260127-102401.md","558214d09c7dd1c11b6d301d66909df79c50af3116b0358c0bec3a4ab538a3f2"
"md","validation-report-20260127-102401","tea","tea/workflows/testarch/framework/validation-report-20260127-102401.md","e26c86c9637efe5fdd6f185185ba1fe39a5dd29040b1bf7c4b98b3958efa66e1"
"md","validation-report-20260127-102401","tea","tea/workflows/testarch/nfr-assess/validation-report-20260127-102401.md","ab75c92a054746a09b5a6cbad8f78e2a5b8d1b9985e7067c93ffa8509f15101f"
"md","validation-report-20260127-102401","tea","tea/workflows/testarch/test-design/validation-report-20260127-102401.md","01cd483608abc20ef97734ad22584d643bd05bb7ae62a360ce65c95d77e2c862"
"md","validation-report-20260127-102401","tea","tea/workflows/testarch/test-review/validation-report-20260127-102401.md","af3c0808bb19323227dd0c91a7b71b0f8bb928966c15986d9af2c20af5fa8ca8"
"md","validation-report-20260127-102401","tea","tea/workflows/testarch/trace/validation-report-20260127-102401.md","42d284ceccd481c91841c9da9a565d97067e866006e48db8572cc3e78017afea"
"md","visual-debugging","tea","tea/testarch/knowledge/visual-debugging.md","072a3d30ba6d22d5e628fc26a08f6e03f8b696e49d5a4445f37749ce5cd4a8a9"
"md","workflow","tea","tea/workflows/testarch/atdd/workflow.md","7e90a7f267ad9c5f5a8b634dd67944819f9a725511d6e9e9d38b67c175b5e568"
"md","workflow","tea","tea/workflows/testarch/automate/workflow.md","b63d80325bd8ab196df4a73ad27624975b3463fecb32e1e571f3dcf01ea98f3a"
"md","workflow","tea","tea/workflows/testarch/ci/workflow.md","c761f640df5a12a1eb8d227ded43424f02be1cc68a1f258ba8593adc675f54cd"
"md","workflow","tea","tea/workflows/testarch/framework/workflow.md","9906b62df484d29609ea5806f0c687bd55528fdb9c27f70220966656bf42d747"
"md","workflow","tea","tea/workflows/testarch/nfr-assess/workflow.md","f6614ac77bbdaf17a8774d3e745e555a966b8ca7339cc085054f3ee74404ff2b"
"md","workflow","tea","tea/workflows/testarch/teach-me-testing/workflow.md","f1f85518acabaea9ed7aada748ab9c6afc0417820c18f006e3743a0ca33953e5"
"md","workflow","tea","tea/workflows/testarch/test-design/workflow.md","c4c7dda1e07e7d9ea9119106e2d9d92160de5f181dadf236ca68ec79bf697414"
"md","workflow","tea","tea/workflows/testarch/test-review/workflow.md","2c87ea3e3617359ad623487ee3a44b7f930b8b2436ede7bed68318000240b1b5"
"md","workflow","tea","tea/workflows/testarch/trace/workflow.md","2975fe7b97e9753d8ff547a708c03f72ba5035e10dcae831678432c915764620"
"md","workflow-plan","tea","tea/workflows/testarch/atdd/workflow-plan.md","e3d1212061de6860ae1bd076272d895d7d398bca0818f229bb4bf5184f094e76"
"md","workflow-plan","tea","tea/workflows/testarch/automate/workflow-plan.md","3be1fedea1b63287ee428f04974d70fd6972fc19c09a3b68cde5fdb094fc1cae"
"md","workflow-plan","tea","tea/workflows/testarch/ci/workflow-plan.md","628dae2fcc680824c0e376feca84ce05b7cd674f0d5efc935964f4e705dddeb3"
"md","workflow-plan","tea","tea/workflows/testarch/framework/workflow-plan.md","6e181a5bd34a182f85fc9886bf205f13e89e6325db282f6e0f21cd59f122b7ab"
"md","workflow-plan","tea","tea/workflows/testarch/nfr-assess/workflow-plan.md","8c6ba514a51b01793e703c88920388f646d316dc59d130b92579a9f4f883a43f"
"md","workflow-plan","tea","tea/workflows/testarch/test-design/workflow-plan.md","1a572654d14eb5703e5c183c4b44921fdcf6aaa7ada43c01d3c4ca34ad15268b"
"md","workflow-plan","tea","tea/workflows/testarch/test-review/workflow-plan.md","789bbfe79716faf8c897bd50e23ebe90f1cc405401efca6ccae6ba739e5faee9"
"md","workflow-plan","tea","tea/workflows/testarch/trace/workflow-plan.md","8be97e481bc88b4f6261016e9d78a527bc8bc524e35033398fcfe7416c238585"
"md","workflow-plan-teach-me-testing","tea","tea/workflows/testarch/teach-me-testing/workflow-plan-teach-me-testing.md","06e51071e1d8ead4c0625ef150e2f0efb2fffae76911b7e80d220bb52f3ae224"
"yaml","config","tea","tea/config.yaml","0faedc0d80a438dc837c8d5f939edbbc9526937de0ab276ae359a2e270f2347f"
"yaml","curriculum","tea","tea/workflows/testarch/teach-me-testing/data/curriculum.yaml","4d8eb20e67d5e3e90009d0984a41ae39db1a40e4deee683c2baa3d7a36be8a75"
"yaml","github-actions-template","tea","tea/workflows/testarch/ci/github-actions-template.yaml","cf7d1f0a1f2853b07df1b82b00ebe79f800f8f16817500747b7c4c9c7143aba7"
"yaml","gitlab-ci-template","tea","tea/workflows/testarch/ci/gitlab-ci-template.yaml","986f29817e04996ab9f80bf2de0d25d8ed2365d955cc36d5801afaa93e99e80b"
"yaml","progress-template","tea","tea/workflows/testarch/teach-me-testing/templates/progress-template.yaml","595fe007e9cecd907f0f695f581ff7c86dde770336be8134782a954d4fb6f48f"
"yaml","quiz-questions","tea","tea/workflows/testarch/teach-me-testing/data/quiz-questions.yaml","42c5e6c8703e22992cfcbbeb23d871054b15257153010efe53bf44dbc1f27b4f"
"yaml","role-paths","tea","tea/workflows/testarch/teach-me-testing/data/role-paths.yaml","c5ad85c1de113a6c403ad0f9a3588477caec72a4e4d858f41e96ebd0e4765a7a"
"yaml","session-content-map","tea","tea/workflows/testarch/teach-me-testing/data/session-content-map.yaml","10ae06b0aa827c6142102539ee71c0813c8ae5b2641319df1dfa4d3b9bfb1283"
"yaml","tea-resources-index","tea","tea/workflows/testarch/teach-me-testing/data/tea-resources-index.yaml","ff1329acc7ce243442a3fcc264b8cf46b925aa104c630771c993b6b3183a311f"
"yaml","workflow","tea","tea/workflows/testarch/atdd/workflow.yaml","b69d72b7babf5c16d88906ce5e184a86399fcd9ac6547ef9489a0e8ac035003d"
"yaml","workflow","tea","tea/workflows/testarch/automate/workflow.yaml","bea91aa0ef9762e889e30e525203f6e6657043dffaabb78d53f1cc584d77e43f"
"yaml","workflow","tea","tea/workflows/testarch/ci/workflow.yaml","9794c8a7c6dbe7ef7ad46f7e1a9cf733b5ffb0009cbbef568dfcd2e4634d025a"
"yaml","workflow","tea","tea/workflows/testarch/framework/workflow.yaml","30121126e204ff25d50ef98cb3e3cdb5a88d6b51a7a6be1e93babc2186db9535"
"yaml","workflow","tea","tea/workflows/testarch/nfr-assess/workflow.yaml","e33777384b852e853a388ddafaa61b346aa61620be5ab9c47198e3bc07980fe0"
"yaml","workflow","tea","tea/workflows/testarch/test-design/workflow.yaml","08e620af49afbce867813beaee0e80c88d6e7d8ca2b6ba96c07a28ee00850d75"
"yaml","workflow","tea","tea/workflows/testarch/test-review/workflow.yaml","97cfa897ecaea4fb00f631edfbe874474f1db3cab74d1444412dd1b7b69d4a9c"
"yaml","workflow","tea","tea/workflows/testarch/trace/workflow.yaml","6c93cf0ed6c39d51edc923dcdc7ad24086db387aab69d0941de994ef6250f62a"
